handleId,fieldType,name,description,productImageUrl,collection,sku,ribbon,price,surcharge,visible,discountMode,discountValue,inventory,weight,cost,productOptionName1,productOptionType1,productOptionDescription1,productOptionName2,productOptionType2,productOptionDescription2,productOptionName3,productOptionType3,productOptionDescription3,productOptionName4,productOptionType4,productOptionDescription4,productOptionName5,productOptionType5,productOptionDescription5,productOptionName6,productOptionType6,productOptionDescription6,additionalInfoTitle1,additionalInfoDescription1,additionalInfoTitle2,additionalInfoDescription2,additionalInfoTitle3,additionalInfoDescription3,additionalInfoTitle4,additionalInfoDescription4,additionalInfoTitle5,additionalInfoDescription5,additionalInfoTitle6,additionalInfoDescription6,customTextField1,customTextCharLimit1,customTextMandatory1,customTextField2,customTextCharLimit2,customTextMandatory2,brand
product_GWd-1,Product,Golden West Duplex 3-2 x 3-2,"<p><strong>BEDS:</strong>&nbsp;3&nbsp; &nbsp; &nbsp;<strong>BATHS:</strong>&nbsp;2.00&nbsp; &nbsp; &nbsp;<strong>SQ FT:</strong>&nbsp;2160&nbsp; &nbsp; &nbsp;<strong>W X L:</strong>&nbsp;30′ 0″ x 72′ 0″</p><p>&nbsp;</p><p>The Duplex / 30×72 Duplex 3-2 x 3-2 built by Golden West Albany is a true duplex with two private homes under one roof. Totaling 2,160 square feet, this plan pairs a 3-bedroom, 2-bath residence on one side with a 3-bedroom, 2-bath residence on the other. Each side features a bright living room, dining area, and efficient kitchen, plus convenient storage. A shared wall keeps life quiet, while separate entries add privacy. Choose The 30×72 Duplex 3-2 x 3-2 for flexible living—tour today and see the possibilities.</p>",866235_94e2a8a25ab344bead70df53434e0334~mv2.png;866235_fd9c678bf7b14cc79f13d8c0b84463d7~mv2.gif;866235_5a6fcf024ea34aa2b71021352d8c88b8~mv2.png;866235_4acf3f48ba5348ea95b4c24a8705d4f1~mv2.jpg,"Double-Section;Golden West;2,000+;Duplex",GW-Duplex-3/3,"2,160 SQ FT",0,,TRUE,PERCENT,0,InStock,,,,,,,,,,,,,,,,,,,,,,,,,,,,,,,,,,,,,,,Golden West
product_GWd-2,Product,Golden West Duplex 2-2 x 2-2,"<p><strong>BEDS:</strong>&nbsp;3&nbsp; &nbsp; &nbsp;<strong>BATHS:</strong>&nbsp;2.00&nbsp; &nbsp; &nbsp;<strong>SQ FT:</strong>&nbsp;2160&nbsp; &nbsp; &nbsp;<strong>W X L:</strong>&nbsp;30′ 0″ x 72′ 0″</p><p>&nbsp;</p><p>The Duplex / 30×72 Duplex 2-2 x 2-2 built by Golden West Albany is a true duplex with two private homes under one roof. Totaling 2,160 square feet, this plan pairs a -bedroom, 2-bath residence on one side with a 2-bedroom, 2-bath residence on the other. Each side features a bright living room, dining area, and efficient kitchen, plus convenient storage. A shared wall keeps life quiet, while separate entries add privacy. Choose The 30×72 Duplex 2-2 x 2-2 for flexible living—tour today and see the possibilities.</p><p>&nbsp;</p><p><strong>3D Tour</strong></p><p><a href=""https://cadelmvh.github.io/Duplex_No1/"">https://cadelmvh.github.io/Duplex_No1/</a></p>",866235_796e4260b1b742ffa976744bdc607a02~mv2.jpg;866235_7a1e30ef8b5a4f3398ae5dda2216443d~mv2.gif;866235_94e2a8a25ab344bead70df53434e0334~mv2.png,"Double-Section;Golden West;2,000+;Duplex",GW-Duplex-2/2,"2,160 SQ FT",0,,TRUE,PERCENT,0,InStock,,,,,,,,,,,,,,,,,,,,,,,,,,,,,,,,,,,,,,,Golden West
product_GWd-3,Product,Golden West Duplex 3-2 x 2-2,"<p><strong>BEDS:</strong>&nbsp;3&nbsp; &nbsp; &nbsp;<strong>BATHS:</strong>&nbsp;2.00&nbsp; &nbsp; &nbsp;<strong>SQ FT:</strong>&nbsp;2160&nbsp; &nbsp; &nbsp;<strong>W X L:</strong>&nbsp;30′ 0″ x 72′ 0″</p><p>&nbsp;</p><p>The Duplex / 30×72 Duplex 3-2 x 2-2 built by Golden West Albany is a true duplex with two private homes under one roof. Totaling 2,160 square feet, this plan pairs a 3-bedroom, 2-bath residence on one side with a 2-bedroom, 2-bath residence on the other. Each side features a bright living room, dining area, and efficient kitchen, plus convenient storage. A shared wall keeps life quiet, while separate entries add privacy. Choose The 30×72 Duplex 3-2 x 2-2 for flexible living—tour today and see the possibilities.</p><p>&nbsp;</p><p><strong>3D Tour</strong></p><p><a href=""https://cadelmvh.github.io/Duplex_No1/"">https://cadelmvh.github.io/Duplex_No1/</a></p>",866235_1b6d00a4b6784d148e51bc9f9494d5b4~mv2.png;866235_b002e90389834b27a62c3da195564532~mv2.gif;866235_80b647c7ba714419add12de26fcb531f~mv2.jpg,"Double-Section;Golden West;2,000+;Duplex",GW-Duplex-3/2,"2,160 SQ FT",0,,TRUE,PERCENT,0,InStock,,,,,,,,,,,,,,,,,,,,,,,,,,,,,,,,,,,,,,,Golden West
product_GWd-4,Product,Single Wide Duplex,,866235_f42fccbe04864bee8b7ef15e2cbcbd9e~mv2.png;866235_01565efff3ef4749b0ba7a4813de0723~mv2.png,"Golden West;Single-Section;500 - 1,000;Duplex",ADU-290N,870 SQ FT,0,,TRUE,PERCENT,0,InStock,,,,,,,,,,,,,,,,,,,,,,,,,,,,,,,,,,,,,,,Golden West
product_GWdrm-casita,,Dream Silver / Casita ,,,,,409 SQ FT,,,,,,,,,,,,,,,,,,,,,,,,,,,,,,,,,,,,,,,,,,,,,
product_GWdrm-401M,,Dream Silver / 401M,,,,DRM401M,540 SQ FT,,,,,,,,,,,,,,,,,,,,,,,,,,,,,,,,,,,,,,,,,,,,,
product_GWdrm-481M,Product,Dream Silver / DRM 481M,"<p><strong>BEDS:</strong>&nbsp;2&nbsp; &nbsp; &nbsp;<strong>BATHS:</strong>&nbsp;1.00&nbsp; &nbsp; &nbsp;<strong>SQ FT:</strong>&nbsp;648&nbsp; &nbsp; &nbsp;<strong>W X L:</strong>&nbsp;13′ 6″ x 48′ 0″</p><p>&nbsp;</p><p>The Dream Silver / DRM 481M built by Golden West Homes offers 648 square feet of efficiently designed living space, featuring 2 bedrooms and 1 bathroom. This manufactured home makes the most of every square foot, with a smart layout that fosters both comfort and functionality, ideal for cozy living. The DRM 481M is a great choice for individuals or couples looking for a compact, contemporary home that provides a sense of style and purpose, making it a perfect fit for efficient everyday living or a welcoming retreat.</p><p>&nbsp;</p><p><strong>3D Tour</strong></p><p><a href=""https://momento360.com/e/uc/76f05bf3de0a4e5f9b2e5b03c47ce5c8?utm_campaign=embed&amp;utm_source=other&amp;reset-heading=true&amp;size=large"">https://momento360.com/e/uc/76f05bf3de0a4e5f9b2e5b03c47ce5c8?utm_campaign=embed&amp;utm_source=other&amp;reset-heading=true&amp;size=large</a></p>",866235_02eaba33418943b0b016ac7a625c9bbb~mv2.png;866235_75c0b019cabf457da2d04288f9d747a2~mv2.gif;866235_ddb53fb332074daf9a216a19491433fd~mv2.webp;866235_7fe235120b5d423dba1b74eef517ff23~mv2.webp;866235_ce23bacb3de4418aaa21023b3a0d0a20~mv2.webp;866235_c392d7f58e974a2ca49923280a6c0ae4~mv2.webp;866235_83870faf8db44ad8a881d7b5651235cc~mv2.webp;866235_6b4d6779a66e410da1571f9cae425a43~mv2.webp,"Golden West;Single-Section;500 - 1,000;Dream Silver",DRM481M / 72DRM14482AH,648 SQ FT,0,,TRUE,PERCENT,0,InStock,,,,,,,,,,,,,,,,,,,,,Construction Specifications,"<ul> 
 <li>Additional Specs:&nbsp;In-Floor Waste Plumbing / Kiln Dried Framing Lumber / GFI Receptacle at all Wet Areas</li> 
 <li>Exterior Wall On Center:&nbsp;16” O.C.</li> 
 <li>Exterior Wall Studs:&nbsp;2'x6' Exterior Walls</li> 
 <li>Floor Decking:&nbsp;19/32” OSB T&amp;G Floor Decking</li> 
 <li>Floor Joists:&nbsp;2x6 Floor Joists -16” O.C.</li> 
 <li>Roof Load:&nbsp;30# Roof Load</li> 
 <li>Side Wall Height:&nbsp;96” Sidewall (Flat Ceiling)</li> 
 <li>Insulation (Floors):&nbsp;R-33</li> 
 <li>Insulation (Walls):&nbsp;R-21</li> 
 <li>Insulation (Ceiling):&nbsp;R-40</li> 
</ul>",Exterior Specifications,"<ul> 
 <li>Additional Specs:&nbsp;2x8 Rough Sawn / Continuous Eave Soffit Venting / Ridge Style Roof Venting / Deadbolts on Front and Rear Doors</li> 
 <li>Front Door:&nbsp;36” Front Doors</li> 
 <li>Rear Door:&nbsp;36” Rear Doors</li> 
 <li>Roof Pitch:&nbsp;3:12 (4:12 pitch single sections)</li> 
 <li>Shingles:&nbsp;Architectural Shingles</li> 
 <li>Siding:&nbsp;LP Smart Panel Siding w/5/50 year warranty</li> 
 <li>Window Trim:&nbsp;4” Window Trim</li> 
 <li>Window Type:&nbsp;Dual Pane Low-E Windows</li> 
 <li>Exterior Lighting:&nbsp;Porch Lights at each Exterior Entry</li> 
 <li>Front Rear Eaves:&nbsp;Exterior 14"" Eaves Double wide, 6"" Single wide</li> 
 <li>Exterior Outlets:&nbsp;Exterior 2 GFI Standard</li> 
</ul>",Interior Specifications,"<ul> 
 <li>Ceiling Texture:&nbsp;Brocade Style Ceiling Drywall Finish</li> 
 <li>Door Carpet Type:&nbsp;Entry Lino</li> 
 <li>Safety Alarms:&nbsp;Smoke Alarms, Bdrms &amp; Living Areas</li> 
 <li>Window Type:&nbsp;Wood Window Interior Wrap / Egress Windows in all Bedrooms</li> 
 <li>Molding:&nbsp;Baseboard Molding in Lino Areas</li> 
 <li>Wall Finish:&nbsp;Tape and Texture Drywall Throughout / Square Sheetrock Corners</li> 
 <li>Interior Doors:&nbsp;2-Panel Interior Doors</li> 
 <li>Carpet Type Or Grade:&nbsp;5# Carpet Pad / New Wave 25oz Carpet</li> 
</ul>",Utilities Specifications,"<ul> 
 <li>Electrical Service:&nbsp;200 Amp Electrical Service</li> 
 <li>Electrical Wiring:&nbsp;All Copper Wiring</li> 
 <li>Furnace:&nbsp;Forced Air Elect Down Flow Furnace</li> 
 <li>Other:&nbsp;Receptacle at Fresh Water Inlet</li> 
 <li>Shut Off Valves Throughout:&nbsp;Whole House Shut-off Valve</li> 
 <li>Thermostat:&nbsp;EcoBee T-Stat</li> 
 <li>Washer Dryer Hook Up:&nbsp;Plumbed/Wire For Washer and Dryer</li> 
 <li>Water Heater:&nbsp;40 Gallon Electric Water Heater</li> 
 <li>Water Shut Off Valves:&nbsp;Shut-Off Valves at Toilets &amp; Sinks</li> 
</ul>",Baths Specifications,"<ul> 
 <li>Bathroom Sink:&nbsp;China Lavy Sinks</li> 
 <li>Bathroom Lighting:&nbsp;Recessed Lights (Per Model)</li> 
 <li>Bathroom Flooring:&nbsp;No-Wax Vinyl Flooring</li> 
 <li>Bathroom Countertops:&nbsp;Laminated Counter Tops / Crescent Edge T/Out</li> 
 <li>Bathroom Faucets:&nbsp;Adjustable Shower Heads</li> 
 <li>Bathroom Fans:&nbsp;Exhaust Fans w/Light in each Bath</li> 
 <li>Bathroom Toilet Type:&nbsp;Elongated Toilets</li> 
 <li>Bathroom Bathtubs:&nbsp;60” Fiberglass Tub/Shower in each Bath</li> 
</ul>",Kitchen Specifications,"<ul> 
 <li>Kitchen Sink:&nbsp;Kitchen Sink 8” Stainless Steel</li> 
 <li>Kitchen Refrigerator:&nbsp;Frigidaire 18 cu ft Refrigerator</li> 
 <li>Kitchen Range Type:&nbsp;Frigidaire Free Standing Range</li> 
 <li>Kitchen Range Hood:&nbsp;30” Lighted Exhaust Fan over Range</li> 
 <li>Kitchen Lighting:&nbsp;Recessed Lights (Qty. Per Model)</li> 
 <li>Kitchen Flooring:&nbsp;No-Wax Vinyl Flooring</li> 
 <li>Kitchen Faucets:&nbsp;Single Lever Faucet with Sprayer</li> 
 <li>Kitchen Countertops:&nbsp;Laminated Counter Tops / Crescent Edge T/Out</li> 
 <li>Kitchen Additional Specs:&nbsp;Fire Extinguisher Under Sink</li> 
</ul>",,,,,,,Golden West
product_GWdrm-521M,,Dream Silver / 521M,,,,DRM521M,702 SQ FT,,,,,,,,,,,,,,,,,,,,,,,,,,,,,,,,,,,,,,,,,,,,,
product_GWdrm-561M,,Dream Silver / 561M,,,,DRM561M,756 SQ FT,,,,,,,,,,,,,,,,,,,,,,,,,,,,,,,,,,,,,,,,,,,,,
product_GWdrm-601M,,Dream Silver / 601M,,,,DRM601M,810 SQ FT,,,,,,,,,,,,,,,,,,,,,,,,,,,,,,,,,,,,,,,,,,,,,
product_GWdrm-661M,,Dream Silver / 661M,,,,DRM661M,891 SQ FT,,,,,,,,,,,,,,,,,,,,,,,,,,,,,,,,,,,,,,,,,,,,,
product_GWdrm-562N,,Dream Silver / 562N,,,,DRM562N,840 SQ FT,,,,,,,,,,,,,,,,,,,,,,,,,,,,,,,,,,,,,,,,,,,,,
product_GWdrm-603N,,Dream Silver / 603N,,,,DRM603N,900 SQ FT,,,,,,,,,,,,,,,,,,,,,,,,,,,,,,,,,,,,,,,,,,,,,
product_GWdrm-,,Dream Silver / ,,,,,,,,,,,,,,,,,,,,,,,,,,,,,,,,,,,,,,,,,,,,,,,,,,
product_GWdrm-,,Dream Silver / ,,,,,,,,,,,,,,,,,,,,,,,,,,,,,,,,,,,,,,,,,,,,,,,,,,
product_GWdrm-,,Dream Silver / ,,,,,,,,,,,,,,,,,,,,,,,,,,,,,,,,,,,,,,,,,,,,,,,,,,
product_GWdrm-,,Dream Silver / ,,,,,,,,,,,,,,,,,,,,,,,,,,,,,,,,,,,,,,,,,,,,,,,,,,
product_GWdrm-,,Dream Silver / ,,,,,,,,,,,,,,,,,,,,,,,,,,,,,,,,,,,,,,,,,,,,,,,,,,
product_GWdrm-,,Dream Silver / ,,,,,,,,,,,,,,,,,,,,,,,,,,,,,,,,,,,,,,,,,,,,,,,,,,
product_GWdrm-,,Dream Silver / ,,,,,,,,,,,,,,,,,,,,,,,,,,,,,,,,,,,,,,,,,,,,,,,,,,
product_GWdrm-,,Dream Silver / ,,,,,,,,,,,,,,,,,,,,,,,,,,,,,,,,,,,,,,,,,,,,,,,,,,
product_GWdrm-482F,Product,Dream Silver / DRM 482F,"<p><strong>BEDS:</strong>&nbsp;3&nbsp; &nbsp; &nbsp;<strong>BATHS:</strong>&nbsp;2.00&nbsp; &nbsp; &nbsp;<strong>SQ FT:</strong>&nbsp;1296&nbsp; &nbsp; &nbsp;<strong>W X L:</strong>&nbsp;27′ 0″ x 48′ 0″</p><p>&nbsp;</p><p>The Dream Silver / DRM 482F built by Golden West Homes provides 1,296 square feet of carefully designed living space, featuring 3 bedrooms and 2 bathrooms. This manufactured home balances comfort with efficiency, offering open living areas ideal for family gatherings and private bedrooms that create a restful retreat. The DRM 482F is an excellent choice for individuals or families looking for a modern, functional home that combines practicality with a warm, welcoming atmosphere, supporting everyday living.</p><p>&nbsp;</p><p><strong>3D Tour</strong></p><p><a href=""https://my.matterport.com/show/?play=1&amp;m=EosaVzfgrms"">https://my.matterport.com/show/?play=1&amp;m=EosaVzfgrms</a></p><p>&nbsp;</p><p><strong>Virtual Rendering</strong></p><p><a href=""https://momento360.com/e/uc/2e2d721215c24680b460d2971ffe136b?utm_campaign=embed&amp;utm_source=other&amp;reset-heading=true&amp;size=large"">https://momento360.com/e/uc/2e2d721215c24680b460d2971ffe136b?utm_campaign=embed&amp;utm_source=other&amp;reset-heading=true&amp;size=large</a></p>",866235_c8fa507510714c96b93c9a7d4974b211~mv2.png;866235_99aa51bbe783450090530e4acafde3cd~mv2.gif;866235_f58422eff2744c1f9f05bc354fb36988~mv2.jpg;866235_c9c89019d9074e9eb5032bbe11c46383~mv2.jpg;866235_f6cd9033724e4b5296134201780b07b1~mv2.jpg;866235_6b5ae15ea63248158a48d17132edcedb~mv2.jpg;866235_0eb041124c2e444492b5e88181a899ea~mv2.jpg;866235_8a5587fffcf2438f80250e9cdfe9e554~mv2.jpg;866235_856fa1effd89476885e4f04ff73d1dd7~mv2.jpg;866235_c1d1c9feee674a529eae5f9c06e458be~mv2.jpg;866235_06efac49b02f4506a0534aa1c857f985~mv2.jpg;866235_f2a9b16da37e4dd19bbe7b2d2a82d41e~mv2.jpg;866235_244554b963b44b02ad43f5598d9332b2~mv2.jpg;866235_712a180151824177b8fd553a7ff626ef~mv2.jpg;866235_1b3955ea792143bab28aa7ef47a78686~mv2.webp,"1,000 - 1,500;Double-Section;Golden West;Dream Silver",DRM482F,"1,296 SQ FT",0,,TRUE,PERCENT,0,InStock,,,,,,,,,,,,,,,,,,,,,Specifications,"<p><strong>Kitchen</strong></p> 
<ul> 
 <li>Kitchen Sink:&nbsp;Kitchen Sink 8” Stainless Steel</li> 
 <li>Kitchen Refrigerator:&nbsp;Frigidaire 18 cu ft Refrigerator</li> 
 <li>Kitchen Range Type:&nbsp;Frigidaire Free Standing Range</li> 
 <li>Kitchen Range Hood:&nbsp;30” Lighted Exhaust Fan over Range</li> 
 <li>Kitchen Lighting:&nbsp;Recessed Lights (Qty. Per Model)</li> 
 <li>Kitchen Flooring:&nbsp;No-Wax Vinyl Flooring</li> 
 <li>Kitchen Faucets:&nbsp;Single Lever Faucet with Sprayer</li> 
 <li>Kitchen Countertops:&nbsp;Laminated Counter Tops / Crescent Edge T/Out</li> 
 <li>Kitchen Additional Specs:&nbsp;Fire Extinguisher Under Sink</li> 
</ul>",,,,,,,,,,,,,,,,,Golden West
product_GWdrm-,,Dream Silver / ,,,,,,,,,,,,,,,,,,,,,,,,,,,,,,,,,,,,,,,,,,,,,,,,,,
product_GWdrm-,,Dream Silver / ,,,,,,,,,,,,,,,,,,,,,,,,,,,,,,,,,,,,,,,,,,,,,,,,,,
product_GWdrm-,,Dream Silver / ,,,,,,,,,,,,,,,,,,,,,,,,,,,,,,,,,,,,,,,,,,,,,,,,,,
product_GWdrm-,,Dream Silver / ,,,,,,,,,,,,,,,,,,,,,,,,,,,,,,,,,,,,,,,,,,,,,,,,,,
product_GWdrm-683F,Product,Dream Silver / DRM 683F,"<p><strong>BEDS:</strong>&nbsp;3&nbsp; &nbsp; &nbsp;<strong>BATHS:</strong>&nbsp;2.00&nbsp; &nbsp; &nbsp;<strong>SQ FT:</strong>&nbsp;1836&nbsp; &nbsp; &nbsp;<strong>W X L:</strong>&nbsp;27′ 0″ x 68′ 0″</p><p>&nbsp;</p><p>The Dream Silver / DRM 683F built by Golden West Albany is a beautifully crafted manufactured home offering 3 bedrooms, 2 bathrooms, and 1836 square feet of living space designed for comfort and ease. From its warm layout to its thoughtfully arranged features, this home is perfect for families ready to settle into something special. The DRM 683F delivers everyday functionality with a homestyle charm you’ll feel the moment you walk in.</p><p>&nbsp;</p><p><strong>3D Tour</strong></p><p><a href=""https://my.matterport.com/show/?m=MdLCFmoRemw"">https://my.matterport.com/show/?m=MdLCFmoRemw</a></p>",866235_c307e11a8ad34117a144001db08f881b~mv2.png;866235_294540ecc4ec4fe78fd4622445f15608~mv2.gif;866235_1efc332b3edc4966b96a9d76993235b3~mv2.jpg;866235_ff2e7313a2c4404c972651774baba84e~mv2.jpg;866235_dd01d824f2c34a14b243ab7c9a008165~mv2.jpg;866235_cc201bc82886480297d403406b5fe3fc~mv2.jpg;866235_d0c564881fc74d98a27f6edc62a639a1~mv2.jpg;866235_02f642361ac64009a447be7dcd8ed16d~mv2.jpg;866235_d8bee0a9c8d041c3b9dd8ecd006434bc~mv2.jpg;866235_952c1d4bb6504a89adfe32c5e19aff1e~mv2.jpg;866235_3280c937142248c6aadab8fc73b22752~mv2.jpg;866235_7108ec77bb29403bbbc445f68cec424d~mv2.jpg;866235_6e1416f6bdc24999850aa6e892c1b06f~mv2.jpg;866235_e46a77cabbd94aaca19fa8b1fd043347~mv2.jpg;866235_4a326c3c50f4443d843214b9577923b8~mv2.jpg,"Double-Section;Golden West;1,500 - 2,000;Dream Silver",DRM683F,"1,836 SQ FT",0,,TRUE,PERCENT,0,InStock,,,,,,,,,,,,,,,,,,,,,,,,,,,,,,,,,,,,,,,Golden West
product_GWdrm-,,Dream Silver / ,,,,,,,,,,,,,,,,,,,,,,,,,,,,,,,,,,,,,,,,,,,,,,,,,,
product_GWdrm-,,Dream Silver / ,,,,,,,,,,,,,,,,,,,,,,,,,,,,,,,,,,,,,,,,,,,,,,,,,,
product_GWdrm-,,Dream Silver / ,,,,,,,,,,,,,,,,,,,,,,,,,,,,,,,,,,,,,,,,,,,,,,,,,,
product_GWdrm-,,Dream Silver / ,,,,,,,,,,,,,,,,,,,,,,,,,,,,,,,,,,,,,,,,,,,,,,,,,,
product_GWdrm-,,Dream Silver / ,,,,,,,,,,,,,,,,,,,,,,,,,,,,,,,,,,,,,,,,,,,,,,,,,,
product_GWdrm-,,Dream Silver / ,,,,,,,,,,,,,,,,,,,,,,,,,,,,,,,,,,,,,,,,,,,,,,,,,,
product_GWdrm-,,Dream Silver / ,,,,,,,,,,,,,,,,,,,,,,,,,,,,,,,,,,,,,,,,,,,,,,,,,,
product_GWing-564F,Product,Inspiration Gold Series / Shasta ING 564F,"<p><strong>BEDS:</strong>&nbsp;3&nbsp; &nbsp; &nbsp;<strong>BATHS:</strong>&nbsp;2.00&nbsp; &nbsp; &nbsp;<strong>SQ FT:</strong>&nbsp;1512&nbsp; &nbsp; &nbsp;<strong>W X L:</strong>&nbsp;28′ 0″ x 56′ 0″</p><p>The Inspiration Gold Series / Shasta ING 564F built by Golden West Homes offers 1,512 square feet of well-planned living space, featuring 3 bedrooms and 2 bathrooms. This manufactured home is designed to meet both comfort and style needs, with open living areas ideal for social gatherings and private bedrooms that create a cozy retreat. The Shasta ING 564F is an excellent choice for families or individuals seeking a modern home that balances functionality with a warm, inviting atmosphere.</p>",866235_d0b8e9852d8f43f4878add97542d15d8~mv2.gif,"Double-Section;Golden West;Inspiration Gold;1,500 - 2,000",ING564F,"1,512 SQ FT",0,,TRUE,PERCENT,0,InStock,,,,,,,,,,,,,,,,,,,,,,,,,,,,,,,,,,,,,,,Golden West
product_GWing-601K,Product,Inspiration Gold Series / White Pine ING 601K,"<p><strong>BEDS:</strong>&nbsp;3&nbsp; &nbsp; &nbsp;<strong>BATHS:</strong>&nbsp;3.00&nbsp; &nbsp; &nbsp;<strong>SQ FT:</strong>&nbsp;2347&nbsp; &nbsp; &nbsp;<strong>W X L:</strong>&nbsp;40′ 0″ x 60′ 0″</p><p>The Inspiration Gold Series / White Pine ING 601K built by Golden West Homes provides a spacious 2,347 square feet of living space, featuring 3 bedrooms and 3 bathrooms. This manufactured home is designed for those who value both luxury and practicality, offering expansive open areas ideal for entertaining and private bedrooms that ensure a peaceful retreat. The White Pine ING 601K is an exceptional choice for families or individuals seeking a modern, roomy home that balances comfort with sophisticated style, making daily living a pleasure.</p>",866235_eb30b0992f5f4172b53ff0861d00dd82~mv2.gif,"Golden West;Triple-Section;2,000+;Inspiration Gold",ING601K,"2,347 SQ FT",0,,TRUE,PERCENT,0,InStock,,,,,,,,,,,,,,,,,,,,,Construction Specifications,"<ul> 
 <li>Ac Ready:&nbsp;China Lavy Sinks / Vessel Sink in Master bath</li> 
 <li>Exterior Wall On Center:&nbsp;16"" OC</li> 
 <li>Exterior Wall Studs:&nbsp;2x6</li> 
 <li>Floor Decking:&nbsp;19/32"" OSB T&amp;G Floor Decking</li> 
 <li>Floor Joists:&nbsp;2x6 Floor Joists - 16"" OC</li> 
 <li>Roof Load:&nbsp;30#</li> 
 <li>Side Wall Height:&nbsp;9' Sidewall Flat Ceiling</li> 
 <li>Insulation (Floors):&nbsp;R-33</li> 
 <li>Insulation (Walls):&nbsp;R-21</li> 
 <li>Insulation (Ceiling):&nbsp;R-40</li> 
</ul>",Exterior Specifications,"<ul> 
 <li>Front Door:&nbsp;36"" Front Door / Gable over Front Door</li> 
 <li>Rear Door:&nbsp;36"" Rear Door</li> 
 <li>Roof Pitch:&nbsp;True 3/12 Roof Pitch 27 and 30 Wides (4:12 pitch single wides, 2.57:12 pitch triple wides)</li> 
 <li>Shingles:&nbsp;Architectural Shingles</li> 
 <li>Siding:&nbsp;LP Smart panel Siding</li> 
 <li>Window Trim:&nbsp;4"" Window Trim</li> 
 <li>Window Type:&nbsp;Dual Pane Low-E Windows</li> 
 <li>Exterior Lighting:&nbsp;Porch Lights at each Exterior Entry</li> 
</ul>",Interior Specifications,"<ul> 
 <li>Ceiling Texture:&nbsp;Brocade Style Ceiling Drywall Finish</li> 
 <li>Safety Alarms:&nbsp;Smoke Alarms in Bedrooms and Living areas</li> 
 <li>Interior Doors:&nbsp;2-Panel interior Doors</li> 
</ul>",Utilities Specifications,"<ul> 
 <li>Electrical Service:&nbsp;200 Amp</li> 
 <li>Furnace:&nbsp;Forced Air Elect Down Flown Furnace</li> 
 <li>Thermostat:&nbsp;EcoBee T-Stat</li> 
 <li>Water Heater:&nbsp;40 Gallon Electric</li> 
</ul>",Baths Specifications,"<ul> 
 <li>Bathroom Lighting:&nbsp;Ceiling Lighting</li> 
 <li>Bathroom Flooring:&nbsp;No-Wax Vinyl Flooring</li> 
 <li>Bathroom Countertops:&nbsp;Laminate</li> 
 <li>Bathroom Fans:&nbsp;Exhaust Fan in each bath</li> 
 <li>Bathroom Additional Specs:&nbsp;Gun Slot Window over T/S / Wood Trimmed Mirrors</li> 
 <li>Bathroom Shower:&nbsp;60"" Fiberglass Tub/Shower in each Bath</li> 
 <li>Bathroom Toilet Type:&nbsp;Elongated Toilets</li> 
</ul>",Kitchen Specifications,"<ul> 
 <li>Kitchen Sink:&nbsp;8"" Stainless Steel</li> 
 <li>Kitchen Refrigerator:&nbsp;Frigidaire 18 c.f. Refrigerator</li> 
 <li>Kitchen Range Type:&nbsp;Frigidaire Free Standing Range</li> 
 <li>Kitchen Range Hood:&nbsp;30"" Lighted Exhaust Fan over Range</li> 
 <li>Kitchen Lighting:&nbsp;Can Lights in Kitchen and Dining Room</li> 
 <li>Kitchen Flooring:&nbsp;No-Wax Vinyl Flooring</li> 
 <li>Kitchen Faucets:&nbsp;Single Lever Faucet with Sprayer</li> 
 <li>Kitchen Countertops:&nbsp;Laminate</li> 
 <li>Kitchen Additional Specs:&nbsp;Fire Extinguisher under Sink</li> 
</ul>",,,,,,,Golden West
product_GWing-681F,Product,Inspiration Gold Series / Eucalyptus ING 681F,"<p><strong>BEDS:</strong>&nbsp;3&nbsp; &nbsp; &nbsp;<strong>BATHS:</strong>&nbsp;2.00&nbsp; &nbsp; &nbsp;<strong>SQ FT:</strong>&nbsp;1836&nbsp; &nbsp; &nbsp;<strong>W X L:</strong>&nbsp;28′ 0″ x 68′ 0″</p><p>&nbsp;</p><p>The Inspiration Gold Series / Eucalyptus ING 681F built by Golden West Homes provides 1,836 square feet of thoughtfully designed living space, featuring 3 bedrooms and 2 bathrooms. This manufactured home offers a blend of style and functionality, with spacious living areas perfect for gatherings and private bedrooms that create a peaceful retreat. The Eucalyptus ING 681F is a wonderful choice for families or individuals seeking a modern home that combines comfort with a welcoming atmosphere.</p>",866235_e713a530d6304c008b7b2140389c8904~mv2.jpg;866235_d7a4abc8a1f34771bf0648e10e057800~mv2.gif;866235_3411fb59c74f4c8f9e69b88bb58d2b4e~mv2.jpg;866235_fccaffbd58684ad19d70d1a877315560~mv2.jpg;866235_6e5e7dcdecef479b9b887013df71f625~mv2.jpg;866235_4225a6572ba84c21b877575d626e81b5~mv2.jpg;866235_34773e10d6814e1daaa95da0d5b094ad~mv2.jpg;866235_90789f12e7754cf1a04209f75626d375~mv2.jpg;866235_67f24552ce924e048eedcf744852b75b~mv2.jpg;866235_03793331da5c40a7a8405a964a6b1b09~mv2.jpg;866235_a53d372ff02a417f939002012b1d9c1d~mv2.jpg;866235_b149c935567041f8a048d942da182b69~mv2.jpg;866235_47620e8cccac49b1904e94a8fddf0780~mv2.jpg;866235_b620dc87660b428eb80bdf7f4266c56d~mv2.jpg,"Double-Section;Golden West;Inspiration Gold;1,500 - 2,000",ING681F,"1,836 SQ FT",0,,TRUE,PERCENT,0,InStock,,,,,,,,,,,,,,,,,,,,,,,,,,,,,,,,,,,,,,,Golden West
product_GWing-682K,Product,Inspiration Gold Series / Ute Prayer ING 682K,"<p><strong>BEDS:</strong>&nbsp;4&nbsp; &nbsp; &nbsp;<strong>BATHS:</strong>&nbsp;2.00&nbsp; &nbsp; &nbsp;<strong>SQ FT:</strong>&nbsp;2654&nbsp; &nbsp; &nbsp;<strong>W X L:</strong>&nbsp;40′ 0″ x 68′ 0″</p><p>The Inspiration Gold Series / Ute Prayer ING 682K built by Golden West Homes offers an impressive 2,654 square feet of living space, featuring 4 bedrooms and 2 bathrooms. This manufactured home is crafted for those who value both space and comfort, with expansive open areas perfect for gatherings and private bedrooms that create a peaceful retreat. The Ute Prayer ING 682K is an ideal choice for families or individuals seeking a modern home that combines ample room with stylish, functional design for everyday enjoyment.</p>",866235_5980b8195834421092698782f635dc3b~mv2.gif,"Golden West;Triple-Section;2,000+;Inspiration Gold",ING682K,"2,654 SQ FT",0,,TRUE,PERCENT,0,InStock,,,,,,,,,,,,,,,,,,,,,Construction Specifications,"<ul> 
 <li>Ac Ready:&nbsp;China Lavy Sinks / Vessel Sink in Master bath</li> 
 <li>Exterior Wall On Center:&nbsp;16"" OC</li> 
 <li>Exterior Wall Studs:&nbsp;2x6</li> 
 <li>Floor Decking:&nbsp;19/32"" OSB T&amp;G Floor Decking</li> 
 <li>Floor Joists:&nbsp;2x6 Floor Joists - 16"" OC</li> 
 <li>Roof Load:&nbsp;30#</li> 
 <li>Side Wall Height:&nbsp;9' Sidewall Flat Ceiling</li> 
 <li>Insulation (Floors):&nbsp;R-33</li> 
 <li>Insulation (Walls):&nbsp;R-21</li> 
 <li>Insulation (Ceiling):&nbsp;R-40</li> 
</ul>",Exterior Specifications,"<ul> 
 <li>Front Door:&nbsp;36"" Front Door / Gable over Front Door</li> 
 <li>Rear Door:&nbsp;36"" Rear Door</li> 
 <li>Roof Pitch:&nbsp;True 3/12 Roof Pitch 27 and 30 Wides (4:12 pitch single wides, 2.57:12 pitch triple wides)</li> 
 <li>Shingles:&nbsp;Architectural Shingles</li> 
 <li>Siding:&nbsp;LP Smart panel Siding</li> 
 <li>Window Trim:&nbsp;4"" Window Trim</li> 
 <li>Window Type:&nbsp;Dual Pane Low-E Windows</li> 
 <li>Exterior Lighting:&nbsp;Porch Lights at each Exterior Entry</li> 
</ul>",Interior Specifications,"<ul> 
 <li>Ceiling Texture:&nbsp;Brocade Style Ceiling Drywall Finish</li> 
 <li>Safety Alarms:&nbsp;Smoke Alarms in Bedrooms and Living areas</li> 
 <li>Interior Doors:&nbsp;2-Panel interior Doors</li> 
</ul>",Utilities Specifications,"<ul> 
 <li>Electrical Service:&nbsp;200 Amp</li> 
 <li>Furnace:&nbsp;Forced Air Elect Down Flown Furnace</li> 
 <li>Thermostat:&nbsp;EcoBee T-Stat</li> 
 <li>Water Heater:&nbsp;40 Gallon Electric</li> 
</ul>",Baths Specifications,"<ul> 
 <li>Bathroom Lighting:&nbsp;Ceiling Lighting</li> 
 <li>Bathroom Flooring:&nbsp;No-Wax Vinyl Flooring</li> 
 <li>Bathroom Countertops:&nbsp;Laminate</li> 
 <li>Bathroom Fans:&nbsp;Exhaust Fan in each bath</li> 
 <li>Bathroom Additional Specs:&nbsp;Gun Slot Window over T/S / Wood Trimmed Mirrors</li> 
 <li>Bathroom Shower:&nbsp;60"" Fiberglass Tub/Shower in each Bath</li> 
 <li>Bathroom Toilet Type:&nbsp;Elongated Toilets</li> 
</ul>",Kitchen Specifications,"<ul> 
 <li>Kitchen Sink:&nbsp;8"" Stainless Steel</li> 
 <li>Kitchen Refrigerator:&nbsp;Frigidaire 18 c.f. Refrigerator</li> 
 <li>Kitchen Range Type:&nbsp;Frigidaire Free Standing Range</li> 
 <li>Kitchen Range Hood:&nbsp;30"" Lighted Exhaust Fan over Range</li> 
 <li>Kitchen Lighting:&nbsp;Can Lights in Kitchen and Dining Room</li> 
 <li>Kitchen Flooring:&nbsp;No-Wax Vinyl Flooring</li> 
 <li>Kitchen Faucets:&nbsp;Single Lever Faucet with Sprayer</li> 
 <li>Kitchen Countertops:&nbsp;Laminate</li> 
 <li>Kitchen Additional Specs:&nbsp;Fire Extinguisher under Sink</li> 
</ul>",,,,,,,Golden West
product_GWp-1,Product,Dream Park Model / The Lodge,"<p><strong>BEDS:</strong>&nbsp;1&nbsp; &nbsp; &nbsp;<strong>BATHS:</strong>&nbsp;1.00&nbsp; &nbsp; &nbsp;<strong>SQ FT:</strong>&nbsp;396&nbsp; &nbsp; &nbsp;<strong>W X L:</strong>&nbsp;12′ 0″ x 33′ 0″</p><p>The 400 Series / DPS 331M built by Golden West Homes offers 396 square feet of well-designed living space, featuring 1 bedroom and 1 bathroom. This park model home maximizes comfort within a compact layout, with an open living area that enhances functionality and a private bedroom that provides a cozy retreat. The DPS 331M is an ideal choice for individuals or couples seeking a modern, efficient park model that blends practicality with a welcoming atmosphere, perfect for getaways or long-term stays.</p><p>&nbsp;</p><p><strong>3D Tour</strong></p><p><a href=""https://cadelmvh.github.io/The-Lodge/"">https://cadelmvh.github.io/The-Lodge/</a></p>",866235_71f71ad02d05411e9a6ce4a0882834e3~mv2.jpg;866235_c67d02f9967046b4bf25e6a81fd2e449~mv2.jpg;866235_09a8718929674f2ba9955656b0978ff0~mv2.jpg;866235_541734b98aea46eb9604c52aa6f7d466~mv2.jpg;866235_81e57ad665d64103a9d7c61731df5cfa~mv2.jpg;866235_667dfeac2908462dba21caad4a46b777~mv2.jpg;866235_f91d1f49b37746efb181f1e2e552e918~mv2.jpg;866235_259639b674b34b269708586047f9e59a~mv2.jpg;866235_5b957d01a61e4b23a0eb493c49ad2079~mv2.jpg;866235_d01e6959c5914ce4b5e4c25bf2dd3fb8~mv2.jpg;866235_d023eb7ea4ee45d2b51fbc4f73291c71~mv2.jpg;866235_afcbcd37780640ab99601796aad4597d~mv2.jpg;866235_b866ed0162ff4109aeb2f6a72ce1c7c5~mv2.jpg;866235_3475b26973dd456eadd7436c0a53822e~mv2.jpg;866235_0b2a013910d44f1fadef5ee78d1f237d~mv2.jpg,Golden West;100 - 500;Park Model,DPS 331M,396 SQ FT,0,,TRUE,PERCENT,0,InStock,,,,,,,,,,,,,,,,,,,,,,,,,,,,,,,,,,,,,,,Golden West
product_Mcr-1001,Product,Columbia River Collection / 1001,"<p><strong>BEDS:</strong>&nbsp;1&nbsp; &nbsp; &nbsp;<strong>BATHS:</strong>&nbsp;1.00&nbsp; &nbsp; &nbsp;<strong>SQ FT:</strong>&nbsp;480&nbsp; &nbsp; &nbsp;<strong>W X L:</strong>&nbsp;13′ 4″ x 36′ 0″</p><p>&nbsp;</p><p>The 1001 built by Clayton West Hermiston is a well-crafted home featuring 1 bedroom, 1 bathroom, and 480 sq. ft. of living space. The open floor plan maximizes functionality, seamlessly connecting the living room, kitchen, and dining area. The master bedroom provides ample space and privacy, while modern finishes enhance the home’s appeal. Built with energy-efficient materials, the 1001 offers a comfortable and stylish living experience.<br><br><strong>3D Tour</strong></p><p><a href=""https://my.matterport.com/show/?play=1&amp;m=FgFZPzopwY2"">https://my.matterport.com/show/?play=1&amp;m=FgFZPzopwY2</a></p>",866235_bf0d23a1ec71403faf2466ef30d15e3c~mv2.png,Marlette;Single-Section;Columbia River;100 - 500,1001,480 SQ FT,0,,TRUE,PERCENT,0,InStock,,,,,,,,,,,,,,,,,,,,,,,,,,,,,,,,,,,,,,,Marlette
product_Mcr-1003,Product,Columbia River Collection / 1003,"<p><strong>BEDS:</strong>&nbsp;2&nbsp; &nbsp; &nbsp;<strong>BATHS:</strong>&nbsp;1.00&nbsp; &nbsp; &nbsp;<strong>SQ FT:</strong>&nbsp;640&nbsp; &nbsp; &nbsp;<strong>W X L:</strong>&nbsp;13′ 4″ x 48′ 0″</p><p>The 1003 built by Clayton West Hermiston is a compact and efficient home featuring 2 bedrooms, 1 bathroom, and 640 sq. ft. of living space. The open-concept design maximizes space, with a functional kitchen and a comfortable living area. The master suite includes a private retreat with modern touches. Built with energy-efficient features, the 1003 provides a perfect blend of practicality and style.</p><p>&nbsp;</p><p>&nbsp;</p>",866235_ab37c58c00e44aa5b510fdaadce19e51~mv2.jpg,"500 - 1,000",1003,640 SQ FT,0,,TRUE,PERCENT,0,InStock,,,,,,,,,,,,,,,,,,,,,,,,,,,,,,,,,,,,,,,Marlette
product_Mcr-2022,Product,Columbia River Collection / 2022,"<p><strong>BEDS:</strong>&nbsp;3&nbsp; &nbsp; &nbsp;<strong>BATHS:</strong>&nbsp;2.00&nbsp; &nbsp; &nbsp;<strong>SQ FT:</strong>&nbsp;1493&nbsp; &nbsp; &nbsp;<strong>W X L:</strong>&nbsp;26′ 8″ x 56′ 0″</p><p>Homeowner preferred family floor plan with master bedroom suite privately located away from guest bedrooms at the opposite end of home with spacious living room, beautiful island kitchen, dining room and family room at center of floor plan, minimizing wasted hallway space while maximizing living space.</p><p>Specifications</p><p>&nbsp;</p><p><strong>3D Tour</strong></p><p><a href=""https://my.matterport.com/show/?play=1&amp;m=tiab2vCfpyE"">https://my.matterport.com/show/?play=1&amp;m=tiab2vCfpyE</a></p>",866235_a0af73381d814e1fa345a1edd31b072d~mv2.jpg;866235_3e893fd954d74a3a9038807a26629a5e~mv2.jpg;866235_cdb4b235fbab4080a68cea29f0a2654f~mv2.jpg;866235_44ee04c17f4542fbafcd1c7408797ce8~mv2.jpg;866235_27e1c84bde6d4ad2899aa26f106d3af8~mv2.jpg;866235_ea29a5d61f294613b499fb7fd45a66af~mv2.jpg;866235_e2a2414ea4f44e24b9907a13974cac0a~mv2.jpg;866235_5452a2ec693d4d02bd1687a4e4aacfbd~mv2.jpg;866235_a18db35f224b4b4f932e410fa4c07f5e~mv2.jpg;866235_dface5fc0a354210912a9f3161bfce9f~mv2.jpg;866235_44843230c23b4edc9546538f293898d8~mv2.jpg,"1,000 - 1,500;Marlette;Double-Section;Columbia River",2022,"1,493 SQ FT",0,,TRUE,PERCENT,0,InStock,,,,,,,,,,,,,,,,,,,,,,,,,,,,,,,,,,,,,,,Marlette
product_Mcr-2029,Product,Columbia River Collection / 2029,"<p><strong>BEDS:</strong>&nbsp;2&nbsp; &nbsp; &nbsp;<strong>BATHS:</strong>&nbsp;2.00&nbsp; &nbsp; &nbsp;<strong>SQ FT:</strong>&nbsp;864&nbsp; &nbsp; &nbsp;<strong>W X L:</strong>&nbsp;24′ 0″ x 36′ 0″</p><p>&nbsp;</p><p>The 2029 built by Clayton West Hermiston is a well-designed home featuring 2 bedrooms, 2 bathrooms, and 864 sq. ft. of living space. The open-concept design creates a seamless flow between the living, dining, and kitchen areas. The master suite includes a spa-like ensuite bath and a walk-in closet. With energy-efficient construction and modern aesthetics, the 2029 is a perfect blend of comfort and sophistication.</p><p>&nbsp;</p><p><strong>3D Tour</strong></p><p><a href=""https://my.matterport.com/show/?m=P9747jQ2KqY"">https://my.matterport.com/show/?m=P9747jQ2KqY</a></p>",866235_58e2e34911fc4b4ea20158a58abc0bcf~mv2.png;866235_9f790f7b7ee34d0d899968c24d7f6156~mv2.jpg;866235_711defebb1ea44fb9b4671bbf36f902e~mv2.png;866235_f0b299685d9641c6a1cf02b1c59a9661~mv2.png;866235_6be316adf45f4edfb18d39fd278cd1f9~mv2.png;866235_53089f94f83a4cd6be4971705121d47c~mv2.png;866235_d923200a8f014a91b43f8b9f4182843b~mv2.png;866235_8171af6307474d28a8d69cf9b4d88538~mv2.png;866235_8e699366ba27462589420bbafac2101f~mv2.png;866235_0023df0fd583402b931599696319960b~mv2.jpg;866235_58bea27a99b343818ac2139747dc40db~mv2.png;866235_5735baf38fb84509bc351338c6d2d31d~mv2.png,"Marlette;Double-Section;500 - 1,000;Columbia River",2029,864 SQ FT,0,,TRUE,PERCENT,0,InStock,,,,,,,,,,,,,,,,,,,,,,,,,,,,,,,,,,,,,,,Marlette
product_Mi-5017,Product,Imagine / 5017,<p><strong>BEDS:</strong>&nbsp;3&nbsp; &nbsp; &nbsp;<strong>BATHS:</strong>&nbsp;2.00&nbsp; &nbsp; &nbsp;<strong>SQ FT:</strong>&nbsp;1280&nbsp; &nbsp; &nbsp;<strong>W X L:</strong>&nbsp;26′ 8″ x 48′ 0″</p>,866235_bb26433170514587ba888da697d270bc~mv2.png,"1,000 - 1,500;Marlette;Double-Section;Imagine",5017,"1,280 SQ FT",0,,TRUE,PERCENT,0,InStock,,,,,,,,,,,,,,,,,,,,,,,,,,,,,,,,,,,,,,,Marlette
product_Mi-5038,Product,Imagine / 5038,<p><strong>BEDS:</strong>&nbsp;2&nbsp; &nbsp; &nbsp;<strong>BATHS:</strong>&nbsp;2.00&nbsp; &nbsp; &nbsp;<strong>SQ FT:</strong>&nbsp;839&nbsp; &nbsp; &nbsp;<strong>W X L:</strong>&nbsp;19′ 8″ x 44′ 0″</p>,866235_e7c4c3a14c794db7beed61138448f5f4~mv2.png,"Marlette;Double-Section;500 - 1,000;Imagine",5038,839 SQ FT,0,,TRUE,PERCENT,0,InStock,,,,,,,,,,,,,,,,,,,,,,,,,,,,,,,,,,,,,,,Marlette
product_Mm-4,Product,Majestic / 9590-S,"<p><strong>BEDS:</strong>&nbsp;3&nbsp; &nbsp; &nbsp;<strong>BATHS:</strong>&nbsp;2.00&nbsp; &nbsp; &nbsp;<strong>SQ FT:</strong>&nbsp;1382&nbsp; &nbsp; &nbsp;<strong>W X L:</strong>&nbsp;26′ 8″ x 52′ 0″</p><p>Innovative midsize quality family home available with customizable options including covered porch, den in-lieu of third bedroom and deck tub in luxurious master bedroom ensuite; spacious living room, beautiful well equipped kitchen with peninsula snack/serving bar open to bright dining room.</p><p>&nbsp;</p><p><strong>3D Tour</strong></p><p><a href=""https://my.matterport.com/show/?play=1&amp;m=YCj14AZVvoU"">https://my.matterport.com/show/?play=1&amp;m=YCj14AZVvoU</a></p>",866235_240b2a7561a64ec2b46d237449c8b8ae~mv2.jpg,"1,000 - 1,500;Marlette;Double-Section;Majestic",9590-S,"1,382 SQ FT",0,,TRUE,PERCENT,0,InStock,,,,,,,,,,,,,,,,,,,,,,,,,,,,,,,,,,,,,,,Marlette
product_Mm-5,Product,Majestic / 9593-S,"<p><strong>BEDS:</strong>&nbsp;3&nbsp; &nbsp; &nbsp;<strong>BATHS:</strong>&nbsp;3.00&nbsp; &nbsp; &nbsp;<strong>SQ FT:</strong>&nbsp;2482&nbsp; &nbsp; &nbsp;<strong>W X L:</strong>&nbsp;40′ 0″ x 64′ 0″</p><p>&nbsp;</p><p>Beautifully crafted estate size triple section home designed with features and amenities to satisfy the particular needs and wants of family home purchasers, including covered porch entry into expansive great room, spacious and comforting master bedroom boasting a master retreat and luxurious ensuite; beautiful large chef’s style modern kitchen with an abundance of handcrafted cabinets, center island and large wrap around snack/serving/gathering bar; extra large family retreat or optional fourth bedroom and smaller family retreat.</p><p>&nbsp;</p><p><strong>3D Tour</strong></p><p><a href=""https://my.matterport.com/show/?play=1&amp;m=YCj14AZVvoU"">https://my.matterport.com/show/?play=1&amp;m=YCj14AZVvoU</a></p>",866235_28aac78955964c938c43ac8d94755b04~mv2.jpg,"Marlette;Triple-Section;2,000+;Majestic",9593-S,"2,482 SQ FT",0,,TRUE,PERCENT,0,InStock,,,,,,,,,,,,,,,,,,,,,,,,,,,,,,,,,,,,,,,Marlette
Product_Tem-1,Product,Imagine,1 bed 1 bath 533 sq ft,,,TEM14401A,533 SQ FT,0,,TRUE,PERCENT,0,InStock,,,,,,,,,,,,,,,,,,,,,,,,,,,,,,,,,,,,,,,Clayton Homes
Product_Tem-2,Product,Satisfaction,,,,,640 SQ FT,0,,TRUE,PERCENT,0,InStock,,,,,,,,,,,,,,,,,,,,,,,,,,,,,,,,,,,,,,,Clayton Homes
Product_Tem-3,Product,Respect,,,,,800 SQ FT,0,,TRUE,PERCENT,0,InStock,,,,,,,,,,,,,,,,,,,,,,,,,,,,,,,,,,,,,,,Clayton Homes
Product_Tem-4,Product,Good Vibrations,,,,,880 SQ FT,0,,TRUE,PERCENT,0,InStock,,,,,,,,,,,,,,,,,,,,,,,,,,,,,,,,,,,,,,,Clayton Homes
Product_Tem-5,Product,Yesterday,,,,,660 SQ FT,0,,TRUE,PERCENT,0,InStock,,,,,,,,,,,,,,,,,,,,,,,,,,,,,,,,,,,,,,,Clayton Homes
Product_Tem-6,Product,Layla,,,,,780 SQ FT,0,,TRUE,PERCENT,0,InStock,,,,,,,,,,,,,,,,,,,,,,,,,,,,,,,,,,,,,,,Clayton Homes
Product_Tem-7,Product,Still The One,,,,,840 SQ FT,0,,TRUE,PERCENT,0,InStock,,,,,,,,,,,,,,,,,,,,,,,,,,,,,,,,,,,,,,,Clayton Homes
Product_Tem-8,Product,Born to Run,,,,,900 SQ FT,0,,TRUE,PERCENT,0,InStock,,,,,,,,,,,,,,,,,,,,,,,,,,,,,,,,,,,,,,,Clayton Homes
Product_Tem-9,Product,Rhythm Nation,,,,,990 SQ FT,0,,TRUE,PERCENT,0,InStock,,,,,,,,,,,,,,,,,,,,,,,,,,,,,,,,,,,,,,,Clayton Homes
Product_Tem-10,Product,Move on up,"<p><strong>BEDS:</strong>&nbsp;3&nbsp; &nbsp; &nbsp;<strong>BATHS:</strong>&nbsp;2.00&nbsp; &nbsp; &nbsp;<strong>SQ FT:</strong>&nbsp;1080&nbsp; &nbsp; &nbsp;<strong>W X L:</strong>&nbsp;15′ 0″ x 72′ 0″</p><p>&nbsp;</p><p>The Tempo / Move On Up built by Golden West Homes provides 1,080 square feet of thoughtfully planned living space, featuring 3 bedrooms and 2 bathrooms. This manufactured home combines comfort with efficiency, offering open areas ideal for gatherings and private bedrooms that ensure a cozy retreat. The Move On Up is a fantastic choice for families or individuals seeking a modern home that balances functionality with an inviting atmosphere, making it perfect for both everyday life and relaxed weekends.</p><p>&nbsp;</p><p><strong>3D Tour</strong></p><p><a href=""https://my.matterport.com/show/?play=1&amp;m=YQrYPRUR4Di"">https://my.matterport.com/show/?play=1&amp;m=YQrYPRUR4Di</a></p>",866235_718466bfdc9b4fbc919f9841af5b015f~mv2.png;866235_dd724a7ce7e84da6b17b46a164d7bda9~mv2.gif;866235_b9302d6468124850a27311e3f3bf0cfc~mv2.jpg;866235_de56f8a12933406d88da107ed90f8125~mv2.jpg;866235_d7070508bccd4c649969a00f43c8a208~mv2.jpg;866235_2d859c0bdee9453ca8e52e851cc94152~mv2.jpg;866235_be14b833448343048e6c24be16beb8c3~mv2.jpg,"Tempo;Marlette;Single-Section;Golden West;1,000 - 1,500",51TEM16723AH,"1,080 SQ FT",0,,TRUE,PERCENT,0,InStock,,,,,,,,,,,,,,,,,,,,,Construction Specifications,"<p>Construstion</p> 
<ul> 
 <li>Ac Ready:&nbsp;Heat Pump / Air Conditioner Ready / Whole House Ventilation System</li> 
 <li>Additional Specs:&nbsp;eBuilt Home / Energy Star Certified / Vented Ridgecap (50% of Ridgeline) / Housewrap Under Siding - All Around / Smart Panel Soffit - Vented / 8"" Cement Facia w/ Painted Drip Edge to Match / 9"" Setback Frame / Brown Composite Porch Decking (if Applicable)</li> 
 <li>Exterior Wall On Center:&nbsp;16"" o.c.</li> 
 <li>Exterior Wall Studs:&nbsp;2 x 6 Exterior Walls</li> 
 <li>Floor Decking:&nbsp;19/32"" T&amp;G OSB Floor Decking</li> 
 <li>Floor Joists:&nbsp;12' Wide Floors = 2 x 6 Floor Joists - 16"" o.c. / 13' 4"" Floors = 2 x 6 Floor Joists - 16"" o.c. / 13' 4"" Wide Floors = 2 x 6 Floor Joists - 16"" o.c. / 15' Wide Floors = 2 x 6 Floor Joists - 16"" o.c.</li> 
 <li>Interior Wall On Center:&nbsp;24"" o.c.</li> 
 <li>Interior Wall Studs:&nbsp;2 x 3 Interior Walls</li> 
 <li>Roof Load:&nbsp;30# Roof Load - 24"" o.c. Rafters</li> 
 <li>Side Wall Height:&nbsp;8' Sidewalls w/ Flat Ceilings</li> 
 <li>Insulation (Floors):&nbsp;R 33 Inside I-Beams &amp; R 22 Outside I-Beams</li> 
 <li>Insulation (Walls):&nbsp;R 21</li> 
 <li>Insulation (Roof):&nbsp;R 38</li> 
 <li>Eaves:&nbsp;Single Section Homes = 4 1/2"" Sidewall &amp; 12"" Endwall (Nominal) / Multi Section Homes = 6"" Sidewall &amp; 12"" Endwall (Nominal)</li> 
</ul>",Exterior Specifications,"<ul> 
 <li>Additional Specs:&nbsp;Spring Doorstops - All Exterior Doors</li> 
 <li>Dormer:&nbsp;16' Dormer Multi Section Homes - Per Print (N/A on Porch Models) / Columns at Dormer Valleys / Accent Paint Between Columns and Under Dormer</li> 
 <li>Front Door:&nbsp;36"" Craftsman Fiberglass w/ Matte Black Thumblatch</li> 
 <li>Rear Door:&nbsp;36"" 9 Lite Fiberglass w/ Brushed Nickel Egg Knob</li> 
 <li>Roof Pitch:&nbsp;Single Section Homes = 4/12 Roof Pitch / Multi Section Homes = Nominal 3/12 Roof Pitch</li> 
 <li>Shingles:&nbsp;Architectural Shingles - Color: Weathered Wood</li> 
 <li>Siding:&nbsp;3/8"" LP Smartpanel Vertical Siding</li> 
 <li>Window Trim:&nbsp;4"" LP Window Trim</li> 
 <li>Window Type:&nbsp;White Vinyl Framed, Argon Gas, Low ""E"" Windows</li> 
 <li>Exterior Lighting:&nbsp;Black Lantern Style Exterior Light w/ LED Bulb - Front Door / Jelly Jar Style Exterior Light w/ LED Bulb - Back Door(s)</li> 
 <li>Exterior Outlets:&nbsp;Exterior GFI Receptacle (2) - Front and Back - Per Print</li> 
</ul>",Interior Specifications,"<ul> 
 <li>Baseboards:&nbsp;3 1/2"" White Baseboard Throughout (Closets w/ Doors &amp; Pantries = 2"" Batton)</li> 
 <li>Ceiling Fans:&nbsp;Wire &amp; Brace for Fan - Living Room and Primary Bedroom</li> 
 <li>Ceiling Type Or Grade:&nbsp;2 1/4"" White Ceiling Trim (Closets w/ Doors &amp; Pantries = 2"" Batton)</li> 
 <li>Safety Alarms:&nbsp;Combination CO / Smoke Detector</li> 
 <li>Window Type:&nbsp;White Cased Window Wrap - All Windows</li> 
 <li>Wall Finish:&nbsp;Orange Peel Drywall Texture / Square Drywall Corners</li> 
 <li>Interior Doors:&nbsp;White Cathedral Interior Doors w/ 3 Hinges / 2 1/4"" White Door Casing (Closets w/ Doors &amp; Pantries = 2"" Batton)</li> 
 <li>Interior Lighting:&nbsp;Recessed LED Lights - Per Electrical Print</li> 
 <li>Interior Flooring:&nbsp;LUX Aged European Oak LX 311 - Vinyl Sheet Flooring - Per Print</li> 
 <li>Cabinetry &amp; Counters:&nbsp;Wire Shelving in Closets, Linens and Pantries / Full Hardwood Cabinet System - Doors, Face Frames and Sidepanels / 42"" Overhead Cabinets / Flat Crown Moulding on Overheads / Blonde Maple Lined Base &amp; Overhead Cabinets / Cabinet Matched Liner Behind Refrigerator / 1 Fixed Half Shelf in Base Cabinets (1/2"" Thick w/ Cleats) / 1 Fixed Shelf in Overhead Cabinets (1/2"" Thick w/ Wrapped Cleats)</li> 
 <li>Interior Paint:&nbsp;Interior Paint = Greek Villa SW 7551 (Flat Finish)</li> 
 <li>Carpet Type Or Grade:&nbsp;25 oz. New Wave Carpet - Color: Weathered (Multi Sections Only) - Shipped Loose / 5# Carpet Pad</li> 
</ul>",Utilities Specifications,"<p>Electrical Service:&nbsp;200 Amp Electrical Service / Solar and Wind-Ready w/ 1"" Conduit<br> Furnace:&nbsp;Electric Furnace - Sized in Accordance w/ ACCA Manual S &amp; Manual J<br> Heat Duct Registers:&nbsp;In-Floor Crossover Heat Duct System<br> Other:&nbsp;Hose Bibb (2) - Front and Back - Per Print<br> Shut Off Valves Throughout:&nbsp;Whole House Master Water Shut-Off Valve<br> Thermostat:&nbsp;ecobee Programmable Thermostat<br> Washer Dryer Plumb Wire:&nbsp;Plumbed and Wired for Clothes Washer &amp; Dryer<br> Water Heater:&nbsp;Rheem 40 Gallon Hybrid Heat Pump Water Heater<br> Water Shut Off Valves:&nbsp;Shut Off Valves at all Sinks and Commodes<br> Door Hardware:&nbsp;Brushed Nickel Egg Shaped Interior Door Knobs</p>",Baths Specifications,"<ul> 
 <li>Bathroom Cabinets:&nbsp;Bathroom Cabinets - Studio Beige or Bishop Oak</li> 
 <li>Bathroom Sink:&nbsp;Square China Sink w/ Pop Up</li> 
 <li>Bathroom Lighting:&nbsp;1 Recessed LED Light - Secondary Bedrooms / Recessed LED Lights Over Bath Sinks</li> 
 <li>Bathroom Countertops:&nbsp;Laminate Countertops - Color Per Order Specs</li> 
 <li>Bathroom Faucets:&nbsp;Weller - Brushed Nickel 2 - Handle Faucets / Low Flow Faucets and Shower Fixtures</li> 
 <li>Bathroom Fans:&nbsp;Power Exhaust Bath Fan</li> 
 <li>Bathroom Additional Specs:&nbsp;Privacy Locks on all Baths</li> 
 <li>Bathroom Backsplash:&nbsp;4"" Laminate Backsplash Throughout (NO Sidesplash)</li> 
 <li>Bathroom Shower:&nbsp;60"" Fiberglass Double Seat Shower w/ Framed Door (Most Baths) - See Print / Fiberglass 60 x 32 Tub Shower - Center Drain guest baths</li> 
 <li>Bathroom Toilet Type:&nbsp;Elongated Stool</li> 
 <li>Bathroom Mirror:&nbsp;Framed Mirror</li> 
</ul>",Kitchen Specifications,"<ul> 
 <li>Kitchen Sink:&nbsp;Kitchen Sink - 8"" Deep Stainless</li> 
 <li>Kitchen Refrigerator:&nbsp;Energy Star Rated 18 Cu. Ft . Refrigerator - Stainless / Plumb Only for Icemaker</li> 
 <li>Kitchen Range Type:&nbsp;Smooth Top Self-Cleaning Electric Range - Stainless</li> 
 <li>Kitchen Range Hood:&nbsp;Designer Rangehood - Stainless</li> 
 <li>Kitchen Faucets:&nbsp;Stellen - 1-Handle Pull Down Kitchen Faucet - Stainless</li> 
 <li>Kitchen Drawer Type:&nbsp;Metal Roller Drawer Guides / Bank of Drawers - Kitchen (2 Large &amp; 1 Small)</li> 
 <li>Kitchen Dishwasher:&nbsp;Energy Star Rated Dishwasher - Stainless</li> 
 <li>Kitchen Countertops:&nbsp;Laminate Countertops - Color Per Order Specs</li> 
 <li>Kitchen Cabinetry:&nbsp;Kitchen Perimeter Cabinets - Studio Beige or Bishop Oak / Island Bar Cabinets - Onyx Black or Plover</li> 
 <li>Kitchen Backsplash:&nbsp;4"" Laminate Backsplash Throughout (NO Sidesplash)</li> 
</ul>",,,,,,,Clayton Homes
Product_Tem-12,Product,Sweet Coroline,,,,,"1,140 SQ FT",0,,TRUE,PERCENT,0,InStock,,,,,,,,,,,,,,,,,,,,,,,,,,,,,,,,,,,,,,,
Product_Tem-13,Product,Rising Sun,,,,,"1,056 SQ FT",0,,TRUE,PERCENT,0,InStock,,,,,,,,,,,,,,,,,,,,,,,,,,,,,,,,,,,,,,,Clayton Homes
Product_Tem-14,Product,Here Comes the Sun,,,,,"1,152 SQ FT",0,,TRUE,PERCENT,0,InStock,,,,,,,,,,,,,,,,,,,,,,,,,,,,,,,,,,,,,,,Clayton Homes
Product_Tem-15,Product,Three Little Birds,,,,,"1,248 SQ FT",0,,TRUE,PERCENT,0,InStock,,,,,,,,,,,,,,,,,,,,,,,,,,,,,,,,,,,,,,,Clayton Homes
Product_Tem-16,Product,Stand by Me (Porch),,,,,"1,176 SQ FT",0,,TRUE,PERCENT,0,InStock,,,,,,,,,,,,,,,,,,,,,,,,,,,,,,,,,,,,,,,Clayton Homes
Product_Tem-17,Product,My Girl,,,,,"1,344 SQ FT",0,,TRUE,PERCENT,0,InStock,,,,,,,,,,,,,,,,,,,,,,,,,,,,,,,,,,,,,,,Clayton Homes
Product_Tem-18,Product,Whole Lotta Love (Porch),,,,,"1,272 SQ FT",0,,TRUE,PERCENT,0,InStock,,,,,,,,,,,,,,,,,,,,,,,,,,,,,,,,,,,,,,,Clayton Homes
Product_Tem-11,Product,Sweet Dreams,"<p><strong>BEDS:</strong>&nbsp;3&nbsp; &nbsp; &nbsp;<strong>BATHS:</strong>&nbsp;2&nbsp; &nbsp; &nbsp;<strong>SQ FT:</strong>&nbsp;1,054&nbsp; &nbsp; &nbsp;<strong>W X L:</strong>&nbsp;28′ 0″ x 40′ 0″<br><br><br><strong>3D Tour</strong></p><p><a href=""https://cadelmvh.github.io/Tempo-SweetDreams-Timberlakes/"">https://cadelmvh.github.io/Tempo-SweetDreams-Timberlakes/</a></p><p>&nbsp;</p>",866235_e279cd72e3844b96bee2652ede9a1329~mv2.jpg;866235_f6e354639402474fa7797e09070097fc~mv2.gif;866235_4b585d4fac50423ab841ce4c789a9332~mv2.jpg;866235_94268ec18641461aa9bf85314a3926e1~mv2.jpg;866235_51c7a8c288a14505959695e0d32d2877~mv2.jpg;866235_24cdd0424cfe4ad0b3852f43a9f6dbcf~mv2.jpg,"Double-Section;Tempo;Marlette;Golden West;1,000 - 1,500",51TEM28403AH,"1,067 SQ FT",0,,TRUE,PERCENT,0,InStock,,,,,,,,,,,,,,,,,,,,,Specifications,"<p>Bathrooms</p> 
<ul> 
 <li>Bathroom Additional Specs:&nbsp;Privacy Locks on all Baths</li> 
 <li>Bathroom Backsplash:&nbsp;4"" Laminate Backsplash Throughout (NO Sidesplash)</li> 
 <li>Bathroom Cabinets:&nbsp;Bathroom Cabinets - Studio Beige or Bishop Oak</li> 
 <li>Bathroom Countertops:&nbsp;Laminate Countertops - Color Per Order Specs</li> 
 <li>Bathroom Fans:&nbsp;Power Exhaust Bath Fan</li> 
 <li>Bathroom Faucets:&nbsp;Weller - Brushed Nickel 2 - Handle Faucets / Low Flow Faucets and Shower Fixtures</li> 
 <li>Bathroom Lighting:&nbsp;1 Recessed LED Light - Secondary Bedrooms / Recessed LED Lights Over Bath Sinks</li> 
 <li>Bathroom Shower:&nbsp;60"" Fiberglass Double Seat Shower w/ Framed Door (Most Baths) - See Print / Fiberglass 60 x 32 Tub Shower - Center Drain guest baths</li> 
 <li>Bathroom Sink:&nbsp;Square China Sink w/ Pop Up</li> 
 <li>Bathroom Toilet Type:&nbsp;Elongated Stool</li> 
 <li>Bathroom Mirror:&nbsp;Framed Mirror</li> 
</ul>",,,,,,,,,,,,,,,,,Clayton Homes
Product_Tem-19,Product,Beautiful Morning,,,,,"1,173 SQ FT",0,,TRUE,PERCENT,0,InStock,,,,,,,,,,,,,,,,,,,,,,,,,,,,,,,,,,,,,,,Clayton Homes
Product_Tem-20,Product,Under Pressure,,,,,"1,280 SQ FT",0,,TRUE,PERCENT,0,InStock,,,,,,,,,,,,,,,,,,,,,,,,,,,,,,,,,,,,,,,Clayton Homes
Product_Tem-21,Product,Johnny B Goode (Porch),,,,,"1,306 SQ FT",0,,TRUE,PERCENT,0,InStock,,,,,,,,,,,,,,,,,,,,,,,,,,,,,,,,,,,,,,,Clayton Homes
Product_Tem-22,Product,Free Bird,,,,,"1,387 SQ FT",0,,TRUE,PERCENT,0,InStock,,,,,,,,,,,,,,,,,,,,,,,,,,,,,,,,,,,,,,,Clayton Homes
Product_Tem-23,Product,Shout,,,,,"1,493 SQ FT",0,,TRUE,PERCENT,0,InStock,,,,,,,,,,,,,,,,,,,,,,,,,,,,,,,,,,,,,,,Clayton Homes
Product_Tem-24,Product,Stayin' Alive,"<p><strong>BEDS:</strong>&nbsp;3&nbsp; &nbsp; &nbsp;<strong>BATHS:</strong>&nbsp;2.00&nbsp; &nbsp; &nbsp;<strong>SQ FT:</strong>&nbsp;1414&nbsp; &nbsp; &nbsp;<strong>W X L:</strong>&nbsp;27′ 0″ x 56′ 0″</p><p>&nbsp;</p><p>The Tempo / Stayin’ Alive built by Golden West Homes offers 1,414 square feet of dynamic living space, featuring 3 bedrooms and 2 bathrooms. This manufactured home is designed to balance energy and comfort, with an open layout ideal for gatherings and well-planned private bedrooms that provide a serene retreat. The Stayin’ Alive is a fantastic choice for families or individuals who appreciate modern design combined with cozy functionality, creating a lively yet relaxing environment perfect for both active days and restful nights.</p><p>&nbsp;</p><p><strong>3D Tour</strong></p><p><a href=""https://my.matterport.com/show/?play=1&amp;m=3bpsMxi1RMo"">https://my.matterport.com/show/?play=1&amp;m=3bpsMxi1RMo</a></p><p>&nbsp;</p><p><strong>Virtual Rendering</strong></p><p><a href=""https://momento360.com/e/uc/6f069a2a8e794fe7b2b912468c0e5efd?utm_campaign=embed&amp;utm_source=other&amp;reset-heading=true&amp;size=large"">https://momento360.com/e/uc/6f069a2a8e794fe7b2b912468c0e5efd?utm_campaign=embed&amp;utm_source=other&amp;reset-heading=true&amp;size=large</a></p><p>&nbsp;</p><p>&nbsp;</p>",866235_c47783aea2a94344841495c99fc33dac~mv2.png;866235_a338cdd6aada4dcdbb97206d940e71ac~mv2.gif;866235_75ce724dad7c4568a2e87eeeadc02faf~mv2.jpg;866235_2f0a803e0f3b42919205a5fabffa5f6c~mv2.jpg;866235_adfdf4c91c334a4ca24325ebb945f02d~mv2.jpg;866235_ae6cec687deb495689b1b9ab5c9cc03d~mv2.jpg;866235_25a667e8e16f480ea362c90053445637~mv2.jpg;866235_b925e7d0648441f6a9d17cc4d2d8b712~mv2.jpg;866235_0940eec337a548688cdd9c4d8f8db921~mv2.jpg;866235_a8e7cf7a37a04dd39713c389e8c7fb4c~mv2.jpg;866235_50c0e7b74e0f4bc1a79c9b8d0ff70f8c~mv2.jpg;866235_067f3c35612a4e419655eb4a79b21c5a~mv2.jpg;866235_a83e38bdcb414ec2ba29527f992bde57~mv2.jpg;866235_485c7f512a644cd68b316504fbd5be02~mv2.jpg;866235_ddc7797e5f9d497395378c93caae1867~mv2.jpg,"Double-Section;Tempo;Marlette;Golden West;1,000 - 1,500",55TMP28563CH,"1,414 SQ FT",0,,TRUE,PERCENT,0,InStock,,,,,,,,,,,,,,,,,,,,,Construction Specifications,"<p><strong>Exterior</strong></p> 
<ul> 
 <li>Additional Specs:&nbsp;Spring Doorstops - All Exterior Doors</li> 
 <li>Dormer:&nbsp;16' Dormer Multi Section Homes - Per Print (N/A on Porch Models) / Columns at Dormer Valleys / Accent Paint Between Columns and Under Dormer</li> 
 <li>Front Door:&nbsp;36"" Craftsman Fiberglass w/ Matte Black Thumblatch</li> 
 <li>Rear Door:&nbsp;36"" 9 Lite Fiberglass w/ Brushed Nickel Egg Knob</li> 
 <li>Roof Pitch:&nbsp;Single Section Homes = 4/12 Roof Pitch / Multi Section Homes = Nominal 3/12 Roof Pitch</li> 
 <li>Shingles:&nbsp;Architectural Shingles - Color: Weathered Wood</li> 
 <li>Siding:&nbsp;3/8"" LP Smartpanel Vertical Siding</li> 
 <li>Window Trim:&nbsp;4"" LP Window Trim</li> 
 <li>Window Type:&nbsp;White Vinyl Framed, Argon Gas, Low ""E"" Windows</li> 
 <li>Exterior Lighting:&nbsp;Black Lantern Style Exterior Light w/ LED Bulb - Front Door / Jelly Jar Style Exterior Light w/ LED Bulb - Back Door(s)</li> 
 <li>Exterior Outlets:&nbsp;Exterior GFI Receptacle (2) - Front and Back - Per Print</li> 
</ul>",Exterior Specifications,"<ul> 
 <li>Additional Specs:&nbsp;Spring Doorstops - All Exterior Doors</li> 
 <li>Dormer:&nbsp;16' Dormer Multi Section Homes - Per Print (N/A on Porch Models) / Columns at Dormer Valleys / Accent Paint Between Columns and Under Dormer</li> 
 <li>Front Door:&nbsp;36"" Craftsman Fiberglass w/ Matte Black Thumblatch</li> 
 <li>Rear Door:&nbsp;36"" 9 Lite Fiberglass w/ Brushed Nickel Egg Knob</li> 
 <li>Roof Pitch:&nbsp;Single Section Homes = 4/12 Roof Pitch / Multi Section Homes = Nominal 3/12 Roof Pitch</li> 
 <li>Shingles:&nbsp;Architectural Shingles - Color: Weathered Wood</li> 
 <li>Siding:&nbsp;3/8"" LP Smartpanel Vertical Siding</li> 
 <li>Window Trim:&nbsp;4"" LP Window Trim</li> 
 <li>Window Type:&nbsp;White Vinyl Framed, Argon Gas, Low ""E"" Windows</li> 
 <li>Exterior Lighting:&nbsp;Black Lantern Style Exterior Light w/ LED Bulb - Front Door / Jelly Jar Style Exterior Light w/ LED Bulb - Back Door(s)</li> 
 <li>Exterior Outlets:&nbsp;Exterior GFI Receptacle (2) - Front and Back - Per Print</li> 
</ul>",Interior Specifications,"<ul> 
 <li>Baseboards:&nbsp;3 1/2"" White Baseboard Throughout (Closets w/ Doors &amp; Pantries = 2"" Batton)</li> 
 <li>Ceiling Fans:&nbsp;Wire &amp; Brace for Fan - Living Room and Primary Bedroom</li> 
 <li>Ceiling Type Or Grade:&nbsp;2 1/4"" White Ceiling Trim (Closets w/ Doors &amp; Pantries = 2"" Batton)</li> 
 <li>Safety Alarms:&nbsp;Combination CO / Smoke Detector</li> 
 <li>Window Type:&nbsp;White Cased Window Wrap - All Windows</li> 
 <li>Wall Finish:&nbsp;Orange Peel Drywall Texture / Square Drywall Corners</li> 
 <li>Interior Doors:&nbsp;White Cathedral Interior Doors w/ 3 Hinges / 2 1/4"" White Door Casing (Closets w/ Doors &amp; Pantries = 2"" Batton)</li> 
 <li>Interior Lighting:&nbsp;Recessed LED Lights - Per Electrical Print</li> 
 <li>Interior Flooring:&nbsp;LUX Aged European Oak LX 311 - Vinyl Sheet Flooring - Per Print</li> 
 <li>Cabinetry &amp; Counters:&nbsp;Wire Shelving in Closets, Linens and Pantries / Full Hardwood Cabinet System - Doors, Face Frames and Sidepanels / 42"" Overhead Cabinets / Flat Crown Moulding on Overheads / Blonde Maple Lined Base &amp; Overhead Cabinets / Cabinet Matched Liner Behind Refrigerator / 1 Fixed Half Shelf in Base Cabinets (1/2"" Thick w/ Cleats) / 1 Fixed Shelf in Overhead Cabinets (1/2"" Thick w/ Wrapped Cleats)</li> 
 <li>Interior Paint:&nbsp;Interior Paint = Greek Villa SW 7551 (Flat Finish)</li> 
 <li>Carpet Type Or Grade:&nbsp;25 oz. New Wave Carpet - Color: Weathered (Multi Sections Only) - Shipped Loose / 5# Carpet Pad</li> 
</ul>",Utilities Specifications,"<ul> 
 <li>Electrical Service:&nbsp;200 Amp Electrical Service / Solar and Wind-Ready w/ 1"" Conduit</li> 
 <li>Furnace:&nbsp;Electric Furnace - Sized in Accordance w/ ACCA Manual S &amp; Manual J</li> 
 <li>Heat Duct Registers:&nbsp;In-Floor Crossover Heat Duct System</li> 
 <li>Other:&nbsp;Hose Bibb (2) - Front and Back - Per Print</li> 
 <li>Shut Off Valves Throughout:&nbsp;Whole House Master Water Shut-Off Valve</li> 
 <li>Thermostat:&nbsp;ecobee Programmable Thermostat</li> 
 <li>Washer Dryer Plumb Wire:&nbsp;Plumbed and Wired for Clothes Washer &amp; Dryer</li> 
 <li>Water Heater:&nbsp;Rheem 40 Gallon Hybrid Heat Pump Water Heater</li> 
 <li>Water Shut Off Valves:&nbsp;Shut Off Valves at all Sinks and Commodes</li> 
 <li>Door Hardware:&nbsp;Brushed Nickel Egg Shaped Interior Door Knobs</li> 
</ul>",Baths Specifications,"<ul> 
 <li>Bathroom Cabinets:&nbsp;Bathroom Cabinets - Studio Beige or Bishop Oak</li> 
 <li>Bathroom Sink:&nbsp;Square China Sink w/ Pop Up</li> 
 <li>Bathroom Lighting:&nbsp;1 Recessed LED Light - Secondary Bedrooms / Recessed LED Lights Over Bath Sinks</li> 
 <li>Bathroom Countertops:&nbsp;Laminate Countertops - Color Per Order Specs</li> 
 <li>Bathroom Faucets:&nbsp;Weller - Brushed Nickel 2 - Handle Faucets / Low Flow Faucets and Shower Fixtures</li> 
 <li>Bathroom Fans:&nbsp;Power Exhaust Bath Fan</li> 
 <li>Bathroom Additional Specs:&nbsp;Privacy Locks on all Baths</li> 
 <li>Bathroom Backsplash:&nbsp;4"" Laminate Backsplash Throughout (NO Sidesplash)</li> 
 <li>Bathroom Shower:&nbsp;60"" Fiberglass Double Seat Shower w/ Framed Door (Most Baths) - See Print / Fiberglass 60 x 32 Tub Shower - Center Drain guest baths</li> 
 <li>Bathroom Toilet Type:&nbsp;Elongated Stool</li> 
 <li>Bathroom Mirror:&nbsp;Framed Mirror</li> 
</ul>",Kitchen Specifications,"<ul> 
 <li>Kitchen Sink:&nbsp;Kitchen Sink - 8"" Deep Stainless</li> 
 <li>Kitchen Refrigerator:&nbsp;Energy Star Rated 18 Cu. Ft . Refrigerator - Stainless / Plumb Only for Icemaker</li> 
 <li>Kitchen Range Type:&nbsp;Smooth Top Self-Cleaning Electric Range - Stainless</li> 
 <li>Kitchen Range Hood:&nbsp;Designer Rangehood - Stainless</li> 
 <li>Kitchen Faucets:&nbsp;Stellen - 1-Handle Pull Down Kitchen Faucet - Stainless</li> 
 <li>Kitchen Drawer Type:&nbsp;Metal Roller Drawer Guides / Bank of Drawers - Kitchen (2 Large &amp; 1 Small)</li> 
 <li>Kitchen Dishwasher:&nbsp;Energy Star Rated Dishwasher - Stainless</li> 
 <li>Kitchen Countertops:&nbsp;Laminate Countertops - Color Per Order Specs</li> 
 <li>Kitchen Cabinetry:&nbsp;Kitchen Perimeter Cabinets - Studio Beige or Bishop Oak / Island Bar Cabinets - Onyx Black or Plover</li> 
 <li>Kitchen Backsplash:&nbsp;4"" Laminate Backsplash Throughout (NO Sidesplash)</li> 
</ul>",,,,,,,Clayton Homes
Product_Tem-25,Product,Brown Eyed Girl,,,,,"1,600 SQ FT",0,,TRUE,PERCENT,0,InStock,,,,,,,,,,,,,,,,,,,,,,,,,,,,,,,,,,,,,,,Clayton Homes
Product_Tem-26,Product,Rocket Man,,,,,"1,760 SQ FT",0,,TRUE,PERCENT,0,InStock,,,,,,,,,,,,,,,,,,,,,,,,,,,,,,,,,,,,,,,Clayton Homes
Product_Tem-27,Product,Hey Jude,,,,,"1,920 SQ FT",0,,TRUE,PERCENT,0,InStock,,,,,,,,,,,,,,,,,,,,,,,,,,,,,,,,,,,,,,,Clayton Homes
Product_Tem-28,Product,Superfly,,,,,"2,052 SQ FT",0,,TRUE,PERCENT,0,InStock,,,,,,,,,,,,,,,,,,,,,,,,,,,,,,,,,,,,,,,Clayton Homes
Product_Tem-29,Product,Limelight,,,,,"1,680 SQ FT",0,,TRUE,PERCENT,0,InStock,,,,,,,,,,,,,,,,,,,,,,,,,,,,,,,,,,,,,,,Clayton Homes
Product_Tem-30,Product,Lean on Me,,,,,"1,493 SQ FT",0,,TRUE,PERCENT,0,InStock,,,,,,,,,,,,,,,,,,,,,,,,,,,,,,,,,,,,,,,Clayton Homes
